140472,Joseph,2006-07-17,"2021 Fuller Landing, New Raymondmouth, TX 37283"

109045,Gregory,2010-05-03,"61204 Williamson Island, Port Donna, TX 08543"

177816,Stephen,2016-07-15,"3500 Nicole Trail, South Alexis, TX 03180"

152978,Ryan,2017-12-07,"035 Olsen Turnpike Apt. 269, Donnahaven, TX 41605"

185881,Christine,2006-11-02,"1441 Houston Islands, Austinside, TX 55826"

138978,Kevin,2017-03-07,"798 Bartlett Lane Suite 786, Hernandezfort, TX 90907"

125144,Allison,2011-01-10,"9432 Jenkins Lock, West Bobbyfurt, TX 84238"

109652,Duane,2016-09-06,"86859 Monroe Garden Suite 456, New Hollyfurt, TX 92172"

144793,Andrew,2015-02-15,"122 Johnson Lock Apt. 827, Port Emilybury, TX 19975"

155689,Dawn,2006-04-07,"37153 Randy Trail Suite 647, Chandlerville, TX 62898"

138087,Maurice,2010-04-11,"07579 Jeremy Freeway Suite 041, Angiehaven, TX 56741"

164314,Andrew,2012-11-19,"29008 Taylor Summit, South Krystal, TX 60737"

183289,Catherine,2007-02-08,"5746 Valerie Mills, North Traceyburgh, TX 51055"

176085,Alexis,2007-06-13,"8660 Robin Tunnel, South Cassandramouth, TX 15219"

156122,Dawn,2014-08-12,"83082 Mark Forge, Haynesburgh, TX 61305"

186936,Jessica,2013-09-15,"4111 Jenkins Neck, Coreyfort, TX 66273"

117814,Michael,2006-01-04,"0719 Sarah Turnpike Apt. 773, Lake Edwardberg, TX 51119"

182212,Christopher,2007-07-22,"02596 Jason Station Suite 934, Port Danielview, TX 17144"

184581,Deborah,2013-03-04,"545 Watkins Way Apt. 702, North Louisborough, TX 19726"

111183,Alyssa,2014-03-09,"9189 Audrey Extension, New James, TX 97183"

197173,Colleen,2015-09-06,"41731 Miranda Ports, East Corey, TX 82264"

141732,Michael,2018-04-18,"871 Denise Tunnel, Port Jeremyfurt, TX 59113"

178695,Joseph,2018-10-26,"2419 Bass Ramp, West Pamela, TX 85618"

198650,Jacob,2016-01-20,"09112 Melissa Fort Suite 201, Timothyburgh, TX 03110"

121135,John,2018-04-23,"997 Williams Meadow Apt. 040, Christinemouth, TX 33177"

191735,Beverly,2010-10-25,"840 Katelyn Glens Apt. 373, Thorntonland, TX 44564"

105850,Damon,2009-10-17,"445 Hall Parkway Apt. 335, Lake Tammystad, TX 87586"

170258,Wesley,2012-11-20,"401 Butler Mount Suite 470, Johnsonstad, TX 40324"

159766,Ryan,2011-04-26,"245 Brian Spring Apt. 809, Port Donaldbury, TX 97530"

195220,James,2014-05-05,"800 Adams Junction, Dylanside, TX 28536"

